-- SPDX-License-Identifier: Apache-2.0
-- Licensed to the Ed-Fi Alliance under one or more agreements.
-- The Ed-Fi Alliance licenses this file to you under the Apache License, Version 2.0.
-- See the LICENSE and NOTICES files in the project root for more information.

SET IDENTITY_INSERT [edfi].[Descriptor] ON 
INSERT [edfi].[Descriptor] ([DescriptorId], [Namespace], [CodeValue], [ShortDescription], [Description], [PriorDescriptorId], [EffectiveBeginDate], [EffectiveEndDate], [Id], [LastModifiedDate], [CreateDate]) VALUES (5, N'uri://ed-fi.org/NotApplicable', N'AdministrativeFundingControlDescriptor', N'AdministrativeFundingControlDescriptor', N'AdministrativeFundingControlDescriptor', NULL, NULL, NULL, NEWID(), CAST(N'2000-01-01T00:00:00.000' AS DateTime), CAST(N'2000-01-01T00:00:00.000' AS DateTime))
INSERT [edfi].[Descriptor] ([DescriptorId], [Namespace], [CodeValue], [ShortDescription], [Description], [PriorDescriptorId], [EffectiveBeginDate], [EffectiveEndDate], [Id], [LastModifiedDate], [CreateDate]) VALUES (25, N'uri://ed-fi.org/NotApplicable', N'GradeLevelDescriptor', N'GradeLevelDescriptor', N'GradeLevelDescriptor', NULL, NULL, NULL, NEWID(), CAST(N'2000-01-01T00:00:00.000' AS DateTime), CAST(N'2000-01-01T00:00:00.000' AS DateTime))
SET IDENTITY_INSERT [edfi].[Descriptor] OFF

INSERT [edfi].[AdministrativeFundingControlDescriptor] ([AdministrativeFundingControlDescriptorId], [AdministrativeFundingControlTypeId]) VALUES (5, 1)
INSERT [edfi].[GradeLevelDescriptor] ([GradeLevelDescriptorId], [GradeLevelTypeId]) VALUES (25, 1)

INSERT [edfi].[EducationOrganization] ([EducationOrganizationId], [StateOrganizationId], [NameOfInstitution], [ShortNameOfInstitution], [WebSite], [OperationalStatusTypeId], [Id], [LastModifiedDate], [CreateDate]) VALUES (1, N'StateOrganizationId', N'NameOfInstitution', NULL, NULL, 1, NEWID(), CAST(N'2000-01-01T00:00:00.000' AS DateTime), CAST(N'2000-01-01T00:00:00.000' AS DateTime))
INSERT [edfi].[EducationOrganization] ([EducationOrganizationId], [StateOrganizationId], [NameOfInstitution], [ShortNameOfInstitution], [WebSite], [OperationalStatusTypeId], [Id], [LastModifiedDate], [CreateDate]) VALUES (2, N'StateOrganizationId2', N'NameOfInstitution', NULL, NULL, 1, NEWID(), CAST(N'2000-01-01T00:00:00.000' AS DateTime), CAST(N'2000-01-01T00:00:00.000' AS DateTime))

INSERT [edfi].[StateEducationAgency] ([StateEducationAgencyId]) VALUES (1)
INSERT [edfi].[StateEducationAgency] ([StateEducationAgencyId]) VALUES (2)

INSERT [edfi].[EducationServiceCenter] ([EducationServiceCenterId], [StateEducationAgencyId]) VALUES (1, NULL)
INSERT [edfi].[EducationServiceCenter] ([EducationServiceCenterId], [StateEducationAgencyId]) VALUES (2, NULL)

INSERT [edfi].[LocalEducationAgency] ([LocalEducationAgencyId], [ParentLocalEducationAgencyId], [LocalEducationAgencyCategoryTypeId], [CharterStatusTypeId], [EducationServiceCenterId], [StateEducationAgencyId]) VALUES (1, NULL, 1, 1, NULL, NULL)
INSERT [edfi].[LocalEducationAgency] ([LocalEducationAgencyId], [ParentLocalEducationAgencyId], [LocalEducationAgencyCategoryTypeId], [CharterStatusTypeId], [EducationServiceCenterId], [StateEducationAgencyId]) VALUES (2, NULL, 1, 1, NULL, NULL)

INSERT [edfi].[School] ([SchoolId], [LocalEducationAgencyId], [SchoolTypeId], [CharterStatusTypeId], [TitleIPartASchoolDesignationTypeId], [MagnetSpecialProgramEmphasisSchoolTypeId], [AdministrativeFundingControlDescriptorId], [InternetAccessTypeId], [CharterApprovalAgencyTypeId], [CharterApprovalSchoolYear]) VALUES (1, NULL, 1, 1, 1, 1, NULL, 1, 1, NULL)
INSERT [edfi].[School] ([SchoolId], [LocalEducationAgencyId], [SchoolTypeId], [CharterStatusTypeId], [TitleIPartASchoolDesignationTypeId], [MagnetSpecialProgramEmphasisSchoolTypeId], [AdministrativeFundingControlDescriptorId], [InternetAccessTypeId], [CharterApprovalAgencyTypeId], [CharterApprovalSchoolYear]) VALUES (2, NULL, 1, 1, 1, 1, NULL, 1, 1, NULL)

INSERT [edfi].[CalendarDate] ([SchoolId], [Date], [Id], [LastModifiedDate], [CreateDate]) VALUES (1, CAST(N'2000-01-01' AS Date), NEWID(), CAST(N'2000-01-01T00:00:00.000' AS DateTime), CAST(N'2000-01-01T00:00:00.000' AS DateTime))
INSERT [edfi].[CalendarDate] ([SchoolId], [Date], [Id], [LastModifiedDate], [CreateDate]) VALUES (2, CAST(N'2000-01-01' AS Date), NEWID(), CAST(N'2000-01-01T00:00:00.000' AS DateTime), CAST(N'2000-01-01T00:00:00.000' AS DateTime))
INSERT [edfi].[CalendarDate] ([SchoolId], [Date], [Id], [LastModifiedDate], [CreateDate]) VALUES (1, CAST(N'2000-01-02' AS Date), NEWID(), CAST(N'2000-01-01T00:00:00.000' AS DateTime), CAST(N'2000-01-01T00:00:00.000' AS DateTime))
INSERT [edfi].[CalendarDate] ([SchoolId], [Date], [Id], [LastModifiedDate], [CreateDate]) VALUES (2, CAST(N'2000-01-02' AS Date), NEWID(), CAST(N'2000-01-01T00:00:00.000' AS DateTime), CAST(N'2000-01-01T00:00:00.000' AS DateTime))
INSERT [edfi].[CalendarDate] ([SchoolId], [Date], [Id], [LastModifiedDate], [CreateDate]) VALUES (1, CAST(N'2000-01-03' AS Date), NEWID(), CAST(N'2000-01-01T00:00:00.000' AS DateTime), CAST(N'2000-01-01T00:00:00.000' AS DateTime))

INSERT [edfi].[ClassPeriod] ([SchoolId], [ClassPeriodName], [Id], [LastModifiedDate], [CreateDate]) VALUES (1, @AttendanceClassPeriod, NEWID(), CAST(N'2000-01-01T00:00:00.000' AS DateTime), CAST(N'2000-01-01T00:00:00.000' AS DateTime))
INSERT [edfi].[ClassPeriod] ([SchoolId], [ClassPeriodName], [Id], [LastModifiedDate], [CreateDate]) VALUES (2, @AttendanceClassPeriod, NEWID(), CAST(N'2000-01-01T00:00:00.000' AS DateTime), CAST(N'2000-01-01T00:00:00.000' AS DateTime))
INSERT [edfi].[ClassPeriod] ([SchoolId], [ClassPeriodName], [Id], [LastModifiedDate], [CreateDate]) VALUES (1, @ConflictingAttendanceClassPeriod, NEWID(), CAST(N'2000-01-01T00:00:00.000' AS DateTime), CAST(N'2000-01-01T00:00:00.000' AS DateTime))
INSERT [edfi].[ClassPeriod] ([SchoolId], [ClassPeriodName], [Id], [LastModifiedDate], [CreateDate]) VALUES (2, @ConflictingAttendanceClassPeriod, NEWID(), CAST(N'2000-01-01T00:00:00.000' AS DateTime), CAST(N'2000-01-01T00:00:00.000' AS DateTime))
INSERT [edfi].[ClassPeriod] ([SchoolId], [ClassPeriodName], [Id], [LastModifiedDate], [CreateDate]) VALUES (1, @NonAttendanceClassPeriod, NEWID(), CAST(N'2000-01-01T00:00:00.000' AS DateTime), CAST(N'2000-01-01T00:00:00.000' AS DateTime))

INSERT [edfi].[Intervention] ([InterventionIdentificationCode], [EducationOrganizationId], [InterventionClassTypeId], [DeliveryMethodTypeId], [BeginDate], [EndDate], [Id], [LastModifiedDate], [CreateDate]) VALUES (N'Test-InterventionIdentificationCode', 1, 1, 1, CAST(N'2000-01-01' AS Date), NULL, N'00000000-0000-0000-0000-000000000000', CAST(N'2000-01-01T00:00:00.000' AS DateTime), CAST(N'2000-01-01T00:00:00.000' AS DateTime))

INSERT [edfi].[InterventionMeetingTime] ([InterventionIdentificationCode], [EducationOrganizationId], [SchoolId], [ClassPeriodName], [AlternateDayName], [StartTime], [EndTime], [OfficialAttendancePeriod], [CreateDate]) VALUES (N'Test-InterventionIdentificationCode', 1, 1, @AttendanceClassPeriod, NULL, CAST(N'08:00:00' AS Time), CAST(N'00:00:00' AS Time), 1, CAST(N'2000-01-01T00:00:00.000' AS DateTime))
INSERT [edfi].[InterventionMeetingTime] ([InterventionIdentificationCode], [EducationOrganizationId], [SchoolId], [ClassPeriodName], [AlternateDayName], [StartTime], [EndTime], [OfficialAttendancePeriod], [CreateDate]) VALUES (N'Test-InterventionIdentificationCode', 1, 1, @NonAttendanceClassPeriod, NULL, CAST(N'10:00:00' AS Time), CAST(N'00:00:00' AS Time), 0, CAST(N'2000-01-01T00:00:00.000' AS DateTime))
INSERT [edfi].[InterventionMeetingTime] ([InterventionIdentificationCode], [EducationOrganizationId], [SchoolId], [ClassPeriodName], [AlternateDayName], [StartTime], [EndTime], [OfficialAttendancePeriod], [CreateDate]) VALUES (N'Test-InterventionIdentificationCode', 1, 1, @ConflictingAttendanceClassPeriod, NULL, CAST(N'12:00:00' AS Time), CAST(N'00:00:00' AS Time), NULL, CAST(N'2000-01-01T00:00:00.000' AS DateTime))

INSERT [edfi].[BellSchedule] ([BellScheduleName], [GradeLevelDescriptorId], [SchoolId], [Date], [Id], [LastModifiedDate], [CreateDate]) VALUES (@BellScheduleNameWithConflictingAlternateDay, 25, 1, CAST(N'2000-01-01' AS Date), NEWID(), CAST(N'2000-01-01T00:00:00.000' AS DateTime), CAST(N'2000-01-01T00:00:00.000' AS DateTime))
INSERT [edfi].[BellSchedule] ([BellScheduleName], [GradeLevelDescriptorId], [SchoolId], [Date], [Id], [LastModifiedDate], [CreateDate]) VALUES (@BellScheduleNameWithConflictingAlternateDay, 25, 2, CAST(N'2000-01-01' AS Date), NEWID(), CAST(N'2000-01-01T00:00:00.000' AS DateTime), CAST(N'2000-01-01T00:00:00.000' AS DateTime))
INSERT [edfi].[BellSchedule] ([BellScheduleName], [GradeLevelDescriptorId], [SchoolId], [Date], [Id], [LastModifiedDate], [CreateDate]) VALUES (@BellScheduleNameWithOneResolvableAlternateDay, 25, 1, CAST(N'2000-01-01' AS Date), NEWID(), CAST(N'2018-04-04T13:46:07.613' AS DateTime), CAST(N'2018-04-04T13:46:07.613' AS DateTime))
INSERT [edfi].[BellSchedule] ([BellScheduleName], [GradeLevelDescriptorId], [SchoolId], [Date], [Id], [LastModifiedDate], [CreateDate]) VALUES (@BellScheduleNameWithOneResolvableAlternateDay, 25, 2, CAST(N'2000-01-01' AS Date), NEWID(), CAST(N'2018-04-04T13:46:07.613' AS DateTime), CAST(N'2018-04-04T13:46:07.613' AS DateTime))
INSERT [edfi].[BellSchedule] ([BellScheduleName], [GradeLevelDescriptorId], [SchoolId], [Date], [Id], [LastModifiedDate], [CreateDate]) VALUES (@BellScheduleNameWithOneResolvableAlternateDay, 25, 1, CAST(N'2000-01-02' AS Date), NEWID(), CAST(N'2018-04-04T13:46:07.613' AS DateTime), CAST(N'2018-04-04T13:46:07.613' AS DateTime))
INSERT [edfi].[BellSchedule] ([BellScheduleName], [GradeLevelDescriptorId], [SchoolId], [Date], [Id], [LastModifiedDate], [CreateDate]) VALUES (@BellScheduleNameWithOneResolvableAlternateDay, 25, 2, CAST(N'2000-01-02' AS Date), NEWID(), CAST(N'2018-04-04T13:46:07.613' AS DateTime), CAST(N'2018-04-04T13:46:07.613' AS DateTime))
INSERT [edfi].[BellSchedule] ([BellScheduleName], [GradeLevelDescriptorId], [SchoolId], [Date], [Id], [LastModifiedDate], [CreateDate]) VALUES (@BellScheduleNameWithConflictingAlternateDay, 25, 1, CAST(N'2000-01-02' AS Date), NEWID(), CAST(N'2018-04-04T13:47:37.693' AS DateTime), CAST(N'2018-04-04T13:47:37.693' AS DateTime))
INSERT [edfi].[BellSchedule] ([BellScheduleName], [GradeLevelDescriptorId], [SchoolId], [Date], [Id], [LastModifiedDate], [CreateDate]) VALUES (@BellScheduleNameWithConflictingAlternateDay, 25, 2, CAST(N'2000-01-02' AS Date), NEWID(), CAST(N'2018-04-04T13:47:37.693' AS DateTime), CAST(N'2018-04-04T13:47:37.693' AS DateTime))
INSERT [edfi].[BellSchedule] ([BellScheduleName], [GradeLevelDescriptorId], [SchoolId], [Date], [Id], [LastModifiedDate], [CreateDate]) VALUES (@BellScheduleNameWithOneResolvableAlternateDay, 25, 1, CAST(N'2000-01-03' AS Date), NEWID(), CAST(N'2018-04-04T13:46:07.613' AS DateTime), CAST(N'2018-04-04T13:46:07.613' AS DateTime))

DECLARE @defaultCreateDate DATETIME = N'2000-01-01T00:00:00'
DECLARE @createDateMoreRecentThanDefault DATETIME = N'2000-01-02T00:00:00'
INSERT [edfi].[BellScheduleMeetingTime] ([SchoolId], [GradeLevelDescriptorId], [Date], [BellScheduleName], [ClassPeriodName], [StartTime], [EndTime], [AlternateDayName], [OfficialAttendancePeriod], [CreateDate]) VALUES ( 1, 25, N'2000-01-01T00:00:00', @BellScheduleNameWithConflictingAlternateDay, @AttendanceClassPeriod, N'00:00:00', N'00:00:00', N'ConflictingName', 1, @defaultCreateDate ) 
INSERT [edfi].[BellScheduleMeetingTime] ([SchoolId], [GradeLevelDescriptorId], [Date], [BellScheduleName], [ClassPeriodName], [StartTime], [EndTime], [AlternateDayName], [OfficialAttendancePeriod], [CreateDate]) VALUES ( 1, 25, N'2000-01-01T00:00:00', @BellScheduleNameWithConflictingAlternateDay, @ConflictingAttendanceClassPeriod, N'00:00:00', N'00:00:00', @ValidAlternateDayName, 1, @defaultCreateDate ) 
INSERT [edfi].[BellScheduleMeetingTime] ([SchoolId], [GradeLevelDescriptorId], [Date], [BellScheduleName], [ClassPeriodName], [StartTime], [EndTime], [AlternateDayName], [OfficialAttendancePeriod], [CreateDate]) VALUES ( 1, 25, N'2000-01-02T00:00:00', @BellScheduleNameWithConflictingAlternateDay, @NonAttendanceClassPeriod, N'08:00:00', N'00:00:00', @ValidAlternateDayName, 0, @defaultCreateDate  ) 
INSERT [edfi].[BellScheduleMeetingTime] ([SchoolId], [GradeLevelDescriptorId], [Date], [BellScheduleName], [ClassPeriodName], [StartTime], [EndTime], [AlternateDayName], [OfficialAttendancePeriod], [CreateDate]) VALUES ( 1, 25, N'2000-01-01T00:00:00', @BellScheduleNameWithOneResolvableAlternateDay, @AttendanceClassPeriod, N'00:00:00', N'00:00:00', @ValidAlternateDayName, 1, @defaultCreateDate  ) 
INSERT [edfi].[BellScheduleMeetingTime] ([SchoolId], [GradeLevelDescriptorId], [Date], [BellScheduleName], [ClassPeriodName], [StartTime], [EndTime], [AlternateDayName], [OfficialAttendancePeriod], [CreateDate]) VALUES ( 1, 25, N'2000-01-01T00:00:00', @BellScheduleNameWithOneResolvableAlternateDay, @ConflictingAttendanceClassPeriod, N'00:00:00', N'00:00:00', @ValidAlternateDayName, 1, @defaultCreateDate  ) 
INSERT [edfi].[BellScheduleMeetingTime] ([SchoolId], [GradeLevelDescriptorId], [Date], [BellScheduleName], [ClassPeriodName], [StartTime], [EndTime], [AlternateDayName], [OfficialAttendancePeriod], [CreateDate]) VALUES ( 1, 25, N'2000-01-02T00:00:00', @BellScheduleNameWithOneResolvableAlternateDay, @AttendanceClassPeriod, N'00:00:00', N'00:00:00', @ValidAlternateDayName, NULL, @defaultCreateDate  ) 
INSERT [edfi].[BellScheduleMeetingTime] ([SchoolId], [GradeLevelDescriptorId], [Date], [BellScheduleName], [ClassPeriodName], [StartTime], [EndTime], [AlternateDayName], [OfficialAttendancePeriod], [CreateDate]) VALUES ( 1, 25, N'2000-01-02T00:00:00', @BellScheduleNameWithOneResolvableAlternateDay, @ConflictingAttendanceClassPeriod, N'00:00:00', N'00:00:00', @ValidAlternateDayName, 0, @defaultCreateDate  ) 
INSERT [edfi].[BellScheduleMeetingTime] ([SchoolId], [GradeLevelDescriptorId], [Date], [BellScheduleName], [ClassPeriodName], [StartTime], [EndTime], [AlternateDayName], [OfficialAttendancePeriod], [CreateDate]) VALUES ( 2, 25, N'2000-01-01T00:00:00', @BellScheduleNameWithConflictingAlternateDay, @AttendanceClassPeriod, N'00:00:00', N'00:00:00', N'ConflictingName', NULL, @defaultCreateDate  ) 
INSERT [edfi].[BellScheduleMeetingTime] ([SchoolId], [GradeLevelDescriptorId], [Date], [BellScheduleName], [ClassPeriodName], [StartTime], [EndTime], [AlternateDayName], [OfficialAttendancePeriod], [CreateDate]) VALUES ( 2, 25, N'2000-01-01T00:00:00', @BellScheduleNameWithConflictingAlternateDay, @ConflictingAttendanceClassPeriod, N'00:00:00', N'00:00:00', @ValidAlternateDayName, 1, @createDateMoreRecentThanDefault  ) 
INSERT [edfi].[BellScheduleMeetingTime] ([SchoolId], [GradeLevelDescriptorId], [Date], [BellScheduleName], [ClassPeriodName], [StartTime], [EndTime], [AlternateDayName], [OfficialAttendancePeriod], [CreateDate]) VALUES ( 2, 25, N'2000-01-01T00:00:00', @BellScheduleNameWithOneResolvableAlternateDay, @AttendanceClassPeriod, N'00:00:00', N'00:00:00', NULL, NULL, @defaultCreateDate  ) 
INSERT [edfi].[BellScheduleMeetingTime] ([SchoolId], [GradeLevelDescriptorId], [Date], [BellScheduleName], [ClassPeriodName], [StartTime], [EndTime], [AlternateDayName], [OfficialAttendancePeriod], [CreateDate]) VALUES ( 2, 25, N'2000-01-01T00:00:00', @BellScheduleNameWithOneResolvableAlternateDay, @ConflictingAttendanceClassPeriod, N'00:00:00', N'00:00:00', @ValidAlternateDayName, 0, @defaultCreateDate  ) 
INSERT [edfi].[BellScheduleMeetingTime] ([SchoolId], [GradeLevelDescriptorId], [Date], [BellScheduleName], [ClassPeriodName], [StartTime], [EndTime], [AlternateDayName], [OfficialAttendancePeriod], [CreateDate]) VALUES ( 2, 25, N'2000-01-02T00:00:00', @BellScheduleNameWithOneResolvableAlternateDay, @AttendanceClassPeriod, N'00:00:00', N'00:00:00', NULL, 1, @defaultCreateDate  ) 
INSERT [edfi].[BellScheduleMeetingTime] ([SchoolId], [GradeLevelDescriptorId], [Date], [BellScheduleName], [ClassPeriodName], [StartTime], [EndTime], [AlternateDayName], [OfficialAttendancePeriod], [CreateDate]) VALUES ( 2, 25, N'2000-01-02T00:00:00', @BellScheduleNameWithOneResolvableAlternateDay, @ConflictingAttendanceClassPeriod, N'00:00:00', N'00:00:00', NULL, NULL, @defaultCreateDate  ) 
